id,gen,sp,en,cnt,loc,lat,lng,type,q,length,file,date,familia,nombre_comun,region
1069396,Crypturellus,cinereus,Cinereous Tinamou,Colombia,"Amacayacu NP Leticia, Amazonas",-3.4449,,song,A,0:38,https://xeno-canto.org/1069396/download,1987-03-00,Tinamidae,Tinamú cenizo,Amazonia
743526,Crypturellus,cinereus,Cinereous Tinamou,Colombia,"Leticia, Leticia, Amazonas",-4.2173,,song,A,1:16,https://xeno-canto.org/743526/download,2022-05-02,Tinamidae,Tinamú cenizo,Amazonia
117975,Crypturellus,cinereus,Cinereous Tinamou,Colombia,"Reserva Biológica El Zafire, Leticia, Amazonas",-4.005333,,song,A,0:48,https://xeno-canto.org/117975/download,2007-12-11,Tinamidae,Tinamú cenizo,Amazonia
117974,Crypturellus,cinereus,Cinereous Tinamou,Colombia,"Reserva Biológica El Zafire, Leticia, Amazonas",-4.005333,,song,A,2:38,https://xeno-canto.org/117974/download,2007-12-07,Tinamidae,Tinamú cenizo,Amazonia
58421,Crypturellus,cinereus,Cinereous Tinamou,Colombia,"Ome Ecological Station, Purite River, Amazonas dep. 70 Km N of Leticia",,,"duet, song",A,1:36,https://xeno-canto.org/58421/download,2009-08-05,Tinamidae,Tinamú cenizo,Amazonia
117474,Crypturellus,cinereus,Cinereous Tinamou,Colombia,"PNN Amacaycau, Leticia, Amazonas",-3.871667,,song,C,0:58,https://xeno-canto.org/117474/download,2001-10-12,Tinamidae,Tinamú cenizo,Amazonia
616210,Crypturellus,cinereus,Cinereous Tinamou,Colombia,"Caño Lagunilla - Morelia, Caquetá",1.4501,,song,A,0:23,https://xeno-canto.org/616210/download,2021-01-16,Tinamidae,Tinamú cenizo,Amazonia
117441,Crypturellus,cinereus,Cinereous Tinamou,Colombia,"PNN Chiribiquete, Solano, Caquetá",0.1863889,,song,A,1:54,https://xeno-canto.org/117441/download,2000-01-04,Tinamidae,Tinamú cenizo,Amazonia
117440,Crypturellus,cinereus,Cinereous Tinamou,Colombia,"PNN Chiribiquete, Solano, Caquetá",0.1863889,,song,A,3:14,https://xeno-canto.org/117440/download,2000-01-04,Tinamidae,Tinamú cenizo,Amazonia
117400,Crypturellus,cinereus,Cinereous Tinamou,Colombia,"PNN Chiribiquete, Solano, Caquetá",0.2176111,,song,A,4:03,https://xeno-canto.org/117400/download,2001-02-01,Tinamidae,Tinamú cenizo,Amazonia
117399,Crypturellus,cinereus,Cinereous Tinamou,Colombia,"PNN Chiribiquete, Solano, Caquetá",0.2176111,,song,A,6:41,https://xeno-canto.org/117399/download,2001-02-01,Tinamidae,Tinamú cenizo,Amazonia
117398,Crypturellus,cinereus,Cinereous Tinamou,Colombia,"PNN Chiribiquete, Solano, Caquetá",0.2176111,,song,A,1:58,https://xeno-canto.org/117398/download,2001-02-01,Tinamidae,Tinamú cenizo,Amazonia
117397,Crypturellus,cinereus,Cinereous Tinamou,Colombia,"PNN Chiribiquete, Solano, Caquetá",0.2176111,,song,A,1:41,https://xeno-canto.org/117397/download,2001-02-01,Tinamidae,Tinamú cenizo,Amazonia
117376,Crypturellus,cinereus,Cinereous Tinamou,Colombia,"PNN Chiribiquete, Solano, Caquetá",0.1819444,,song,A,3:32,https://xeno-canto.org/117376/download,2000-01-04,Tinamidae,Tinamú cenizo,Amazonia
117375,Crypturellus,cinereus,Cinereous Tinamou,Colombia,"PNN Chiribiquete, Solano, Caquetá",0.1819444,,song,A,2:13,https://xeno-canto.org/117375/download,2000-01-04,Tinamidae,Tinamú cenizo,Amazonia
117374,Crypturellus,cinereus,Cinereous Tinamou,Colombia,"PNN Chiribiquete, Solano, Caquetá",0.1819444,,song,A,2:11,https://xeno-canto.org/117374/download,2000-01-04,Tinamidae,Tinamú cenizo,Amazonia
117361,Crypturellus,cinereus,Cinereous Tinamou,Colombia,"PNN Chiribiquete, Solano, Caquetá",0.2605556,,song,A,1:15,https://xeno-canto.org/117361/download,2000-01-01,Tinamidae,Tinamú cenizo,Amazonia
117360,Crypturellus,cinereus,Cinereous Tinamou,Colombia,"PNN Chiribiquete, Solano, Caquetá",0.2605556,,song,A,0:32,https://xeno-canto.org/117360/download,2000-01-01,Tinamidae,Tinamú cenizo,Amazonia
117359,Crypturellus,cinereus,Cinereous Tinamou,Colombia,"PNN Chiribiquete, Solano, Caquetá",0.2605556,,song,A,1:24,https://xeno-canto.org/117359/download,2000-01-01,Tinamidae,Tinamú cenizo,Amazonia
117358,Crypturellus,cinereus,Cinereous Tinamou,Colombia,"PNN Chiribiquete, Solano, Caquetá",0.2605556,,song,A,0:43,https://xeno-canto.org/117358/download,2000-01-01,Tinamidae,Tinamú cenizo,Amazonia
117357,Crypturellus,cinereus,Cinereous Tinamou,Colombia,"PNN Chiribiquete, Solano, Caquetá",0.2605556,,song,A,0:48,https://xeno-canto.org/117357/download,2000-01-01,Tinamidae,Tinamú cenizo,Amazonia
683923,Crypturellus,cinereus,Cinereous Tinamou,Colombia,"Bosque de los Carpinteros - San Jorge/Morelia, Caquetá",1.4719,,song,B,1:59,https://xeno-canto.org/683923/download,2021-08-27,Tinamidae,Tinamú cenizo,Amazonia
683921,Crypturellus,cinereus,Cinereous Tinamou,Colombia,"Bosque de los Carpinteros - San Jorge/Morelia, Caquetá",1.4719,,song,B,2:04,https://xeno-canto.org/683921/download,2021-08-27,Tinamidae,Tinamú cenizo,Amazonia
683916,Crypturellus,cinereus,Cinereous Tinamou,Colombia,"Bosque de los Carpinteros - San Jorge/Morelia, Caquetá",1.4719,,song,B,1:25,https://xeno-canto.org/683916/download,2021-08-27,Tinamidae,Tinamú cenizo,Amazonia
558076,Crypturellus,cinereus,Cinereous Tinamou,Colombia,"Finca El Danubio, Morelia (Caquetá)",1.5114,,song,B,0:25,https://xeno-canto.org/558076/download,2020-05-09,Tinamidae,Tinamú cenizo,Amazonia
217151,Crypturellus,cinereus,Cinereous Tinamou,Colombia,"Reserva las Dalias, La Montañita, Caquetá",1.4902,,begging call,B,0:59,https://xeno-canto.org/217151/download,2015-03-14,Tinamidae,Tinamú cenizo,Amazonia
117439,Crypturellus,cinereus,Cinereous Tinamou,Colombia,"PNN Chiribiquete, Solano, Caquetá",0.1863889,,song,B,1:31,https://xeno-canto.org/117439/download,2000-01-04,Tinamidae,Tinamú cenizo,Amazonia
117438,Crypturellus,cinereus,Cinereous Tinamou,Colombia,"PNN Chiribiquete, Solano, Caquetá",0.1863889,,song,B,2:31,https://xeno-canto.org/117438/download,2000-01-04,Tinamidae,Tinamú cenizo,Amazonia
117437,Crypturellus,cinereus,Cinereous Tinamou,Colombia,"PNN Chiribiquete, Solano, Caquetá",0.1863889,,song,B,3:08,https://xeno-canto.org/117437/download,2000-01-04,Tinamidae,Tinamú cenizo,Amazonia
117436,Crypturellus,cinereus,Cinereous Tinamou,Colombia,"PNN Chiribiquete, Solano, Caquetá",0.1863889,,song,B,1:16,https://xeno-canto.org/117436/download,2000-01-04,Tinamidae,Tinamú cenizo,Amazonia
117373,Crypturellus,cinereus,Cinereous Tinamou,Colombia,"PNN Chiribiquete, Solano, Caquetá",0.1819444,,song,B,1:52,https://xeno-canto.org/117373/download,2000-01-04,Tinamidae,Tinamú cenizo,Amazonia
117371,Crypturellus,cinereus,Cinereous Tinamou,Colombia,"PNN Chiribiquete, Solano, Caquetá",0.1863889,,song,B,1:36,https://xeno-canto.org/117371/download,2000-01-04,Tinamidae,Tinamú cenizo,Amazonia
117370,Crypturellus,cinereus,Cinereous Tinamou,Colombia,"PNN Chiribiquete, Solano, Caquetá",0.1863889,,song,B,0:16,https://xeno-canto.org/117370/download,2000-01-04,Tinamidae,Tinamú cenizo,Amazonia
117369,Crypturellus,cinereus,Cinereous Tinamou,Colombia,"PNN Chiribiquete, Solano, Caquetá",0.1863889,,song,B,1:08,https://xeno-canto.org/117369/download,2000-01-04,Tinamidae,Tinamú cenizo,Amazonia
117368,Crypturellus,cinereus,Cinereous Tinamou,Colombia,"PNN Chiribiquete, Solano, Caquetá",0.1863889,,song,B,0:41,https://xeno-canto.org/117368/download,2000-01-04,Tinamidae,Tinamú cenizo,Amazonia
117362,Crypturellus,cinereus,Cinereous Tinamou,Colombia,"PNN Chiribiquete, Solano, Caquetá",-0.2483333333,,song,B,0:36,https://xeno-canto.org/117362/download,2000-01-01,Tinamidae,Tinamú cenizo,Amazonia
117356,Crypturellus,cinereus,Cinereous Tinamou,Colombia,"PNN Chiribiquete, Solano, Caquetá",0.2605556,,song,B,0:14,https://xeno-canto.org/117356/download,2000-01-01,Tinamidae,Tinamú cenizo,Amazonia
117354,Crypturellus,cinereus,Cinereous Tinamou,Colombia,"PNN Chiribiquete, Solano, Caquetá",0.2605556,,song,B,0:44,https://xeno-canto.org/117354/download,2000-01-01,Tinamidae,Tinamú cenizo,Amazonia
117396,Crypturellus,cinereus,Cinereous Tinamou,Colombia,"PNN Chiribiquete, Solano, Caquetá",0.2176111,,song,C,0:57,https://xeno-canto.org/117396/download,2001-02-01,Tinamidae,Tinamú cenizo,Amazonia
117355,Crypturellus,cinereus,Cinereous Tinamou,Colombia,"PNN Chiribiquete, Solano, Caquetá",0.2605556,,song,C,0:13,https://xeno-canto.org/117355/download,2000-01-01,Tinamidae,Tinamú cenizo,Amazonia
117328,Crypturellus,cinereus,Cinereous Tinamou,Colombia,"PNN Chiribiquete, Solano, Caquetá",-0.2483333333,,song,C,0:13,https://xeno-canto.org/117328/download,2000-01-01,Tinamidae,Tinamú cenizo,Amazonia
1035920,Crypturellus,cinereus,Cinereous Tinamou,Colombia,"Pava Negra Nature Reserve - Florencia, Caquetá.",1.7135,,song,D,1:44,https://xeno-canto.org/1035920/download,2025-08-30,Tinamidae,Tinamú cenizo,Amazonia
429775,Crypturellus,cinereus,Cinereous Tinamou,Colombia,"Morelia, Caquetá",1.4,,song,D,2:08,https://xeno-canto.org/429775/download,2015-12-14,Tinamidae,Tinamú cenizo,Amazonia
117372,Crypturellus,cinereus,Cinereous Tinamou,Colombia,"PNN Chiribiquete, Solano, Caquetá",0.1819444,,song,D,1:45,https://xeno-canto.org/117372/download,2000-01-04,Tinamidae,Tinamú cenizo,Amazonia
391377,Crypturellus,cinereus,Cinereous Tinamou,Colombia,"Orito, Orito, Putumayo",0.7314,,song,A,1:25,https://xeno-canto.org/391377/download,2008-04-30,Tinamidae,Tinamú cenizo,Amazonia
199263,Crypturellus,cinereus,Cinereous Tinamou,Colombia,"Vereda Paraiso Villagarzón, Putumayo",0.8015,,song,A,3:30,https://xeno-canto.org/199263/download,2014-09-17,Tinamidae,Tinamú cenizo,Amazonia
449318,Crypturellus,cinereus,Cinereous Tinamou,Colombia,"Vda/Nuevo mundo Orito, Putumayo",0.7398,,song,B,0:25,https://xeno-canto.org/449318/download,2019-01-02,Tinamidae,Tinamú cenizo,Amazonia
75389,Crypturellus,cinereus,Cinereous Tinamou,Colombia,Mitu. Vaupes,1.226,,?,C,0:34,https://xeno-canto.org/75389/download,2010-12-21,Tinamidae,Tinamú cenizo,Amazonia
743193,Ramphastos,tucanus,White-throated Toucan,Colombia,"Leticia, Leticia, Amazonas",-4.2173,,song,B,1:14,https://xeno-canto.org/743193/download,2022-05-02,Ramphastidae,Tucán goliblanco,Amazonia
691284,Ramphastos,tucanus,White-throated Toucan,Colombia,"Bosque de los Carpinteros - San Jorge/Morelia, Caquetá",1.4719,,song,A,0:21,https://xeno-canto.org/691284/download,2021-12-12,Ramphastidae,Tucán goliblanco,Amazonia
691283,Ramphastos,tucanus,White-throated Toucan,Colombia,"Bosque de los Carpinteros - San Jorge/Morelia, Caquetá",1.4719,,song,A,0:41,https://xeno-canto.org/691283/download,2021-12-12,Ramphastidae,Tucán goliblanco,Amazonia
647183,Ramphastos,tucanus,White-throated Toucan,Colombia,"Bosque de Attila - Lagunilla / Morelia, Caquetá",1.4346,,song,A,0:52,https://xeno-canto.org/647183/download,2021-05-09,Ramphastidae,Tucán goliblanco,Amazonia
647182,Ramphastos,tucanus,White-throated Toucan,Colombia,"Bosque de Attila - Lagunilla / Morelia, Caquetá",1.4346,,song,A,0:55,https://xeno-canto.org/647182/download,2021-05-09,Ramphastidae,Tucán goliblanco,Amazonia
614555,Ramphastos,tucanus,White-throated Toucan,Colombia,"Caño Lagunilla - Morelia, Caquetá",1.4501,,song,A,0:10,https://xeno-canto.org/614555/download,2021-01-11,Ramphastidae,Tucán goliblanco,Amazonia
609551,Ramphastos,tucanus,White-throated Toucan,Colombia,"Solano, Caquetá",0.7002,,song,A,0:10,https://xeno-canto.org/609551/download,2020-12-12,Ramphastidae,Tucán goliblanco,Amazonia
117430,Ramphastos,tucanus,White-throated Toucan,Colombia,"PNN Chiribiquete, Solano, Caquetá",0.2131111,,song,A,1:59,https://xeno-canto.org/117430/download,2001-02-01,Ramphastidae,Tucán goliblanco,Amazonia
117421,Ramphastos,tucanus,White-throated Toucan,Colombia,"PNN Chiribiquete, Solano, Caquetá",0.2118889,,song,A,1:35,https://xeno-canto.org/117421/download,2001-02-01,Ramphastidae,Tucán goliblanco,Amazonia
117406,Ramphastos,tucanus,White-throated Toucan,Colombia,"PNN Chiribiquete, Solano, Caquetá",0.2276111,,song,A,5:20,https://xeno-canto.org/117406/download,2001-02-01,Ramphastidae,Tucán goliblanco,Amazonia
117405,Ramphastos,tucanus,White-throated Toucan,Colombia,"PNN Chiribiquete, Solano, Caquetá",0.2276111,,song,A,1:02,https://xeno-canto.org/117405/download,2001-02-01,Ramphastidae,Tucán goliblanco,Amazonia
117394,Ramphastos,tucanus,White-throated Toucan,Colombia,"PNN Chiribiquete, Solano, Caquetá",-0.2483333333,,song,A,1:52,https://xeno-canto.org/117394/download,2000-11-01,Ramphastidae,Tucán goliblanco,Amazonia
117393,Ramphastos,tucanus,White-throated Toucan,Colombia,"PNN Chiribiquete, Solano, Caquetá",-0.2483333333,,song,A,2:36,https://xeno-canto.org/117393/download,2000-11-01,Ramphastidae,Tucán goliblanco,Amazonia
117388,Ramphastos,tucanus,White-throated Toucan,Colombia,"PNN Chiribiquete, Solano, Caquetá",-0.2483333333,,song,A,1:31,https://xeno-canto.org/117388/download,2000-11-01,Ramphastidae,Tucán goliblanco,Amazonia
117386,Ramphastos,tucanus,White-throated Toucan,Colombia,"PNN Chiribiquete, Solano, Caquetá",-0.2483333333,,song,A,1:22,https://xeno-canto.org/117386/download,2000-11-01,Ramphastidae,Tucán goliblanco,Amazonia
117383,Ramphastos,tucanus,White-throated Toucan,Colombia,"PNN Chiribiquete, Solano, Caquetá",-0.2483333333,,song,A,0:59,https://xeno-canto.org/117383/download,1999-01-06,Ramphastidae,Tucán goliblanco,Amazonia
117382,Ramphastos,tucanus,White-throated Toucan,Colombia,"PNN Chiribiquete, Solano, Caquetá",-0.2483333333,,song,A,0:46,https://xeno-canto.org/117382/download,1999-01-06,Ramphastidae,Tucán goliblanco,Amazonia
117381,Ramphastos,tucanus,White-throated Toucan,Colombia,"PNN Chiribiquete, Solano, Caquetá",-0.2483333333,,song,A,1:39,https://xeno-canto.org/117381/download,1999-01-06,Ramphastidae,Tucán goliblanco,Amazonia
117380,Ramphastos,tucanus,White-throated Toucan,Colombia,"PNN Chiribiquete, Solano, Caquetá",-0.2483333333,,song,A,1:30,https://xeno-canto.org/117380/download,1999-01-06,Ramphastidae,Tucán goliblanco,Amazonia
117379,Ramphastos,tucanus,White-throated Toucan,Colombia,"PNN Chiribiquete, Solano, Caquetá",0.1797222,,"call, song",A,13:05,https://xeno-canto.org/117379/download,2000-01-04,Ramphastidae,Tucán goliblanco,Amazonia
117366,Ramphastos,tucanus,White-throated Toucan,Colombia,"PNN Chiribiquete, Solano, Caquetá",0.1672222,,song,A,2:01,https://xeno-canto.org/117366/download,2000-01-04,Ramphastidae,Tucán goliblanco,Amazonia
117349,Ramphastos,tucanus,White-throated Toucan,Colombia,"PNN Chiribiquete, Solano, Caquetá",0.2422222,,"call, song",A,1:45,https://xeno-canto.org/117349/download,2000-01-01,Ramphastidae,Tucán goliblanco,Amazonia
117332,Ramphastos,tucanus,White-throated Toucan,Colombia,"PNN Chiribiquete, Solano, Caquetá",-0.2483333333,,song,A,1:01,https://xeno-canto.org/117332/download,2000-01-01,Ramphastidae,Tucán goliblanco,Amazonia
117331,Ramphastos,tucanus,White-throated Toucan,Colombia,"PNN Chiribiquete, Solano, Caquetá",-0.2483333333,,call,A,0:20,https://xeno-canto.org/117331/download,2000-01-01,Ramphastidae,Tucán goliblanco,Amazonia
609552,Ramphastos,tucanus,White-throated Toucan,Colombia,"Solano, Caquetá",0.7002,,song,B,0:10,https://xeno-canto.org/609552/download,2020-12-15,Ramphastidae,Tucán goliblanco,Amazonia
117365,Ramphastos,tucanus,White-throated Toucan,Colombia,"PNN Chiribiquete, Solano, Caquetá",0.1672222,,song,B,0:44,https://xeno-canto.org/117365/download,2000-01-04,Ramphastidae,Tucán goliblanco,Amazonia
117346,Ramphastos,tucanus,White-throated Toucan,Colombia,"PNN Chiribiquete, Solano, Caquetá",0.2483333,,song,B,0:15,https://xeno-canto.org/117346/download,2000-01-01,Ramphastidae,Tucán goliblanco,Amazonia
117347,Ramphastos,tucanus,White-throated Toucan,Colombia,"PNN Chiribiquete, Solano, Caquetá",0.2422222,,song,C,4:08,https://xeno-canto.org/117347/download,2000-01-01,Ramphastidae,Tucán goliblanco,Amazonia
449202,Ramphastos,tucanus,White-throated Toucan,Colombia,"Reserva Natural La Isla Escondida, Orito, Putumayo",0.6513,,song,A,3:38,https://xeno-canto.org/449202/download,2018-12-29,Ramphastidae,Tucán goliblanco,Amazonia
332707,Ramphastos,tucanus,White-throated Toucan,Colombia,"Puerto Asís, Putumayo",0.4984,,song,C,1:58,https://xeno-canto.org/332707/download,2016-08-29,Ramphastidae,Tucán goliblanco,Amazonia
445809,Ramphastos,tucanus,White-throated Toucan,Colombia,"Inírida, Guainía",3.8943,,song,B,0:11,https://xeno-canto.org/445809/download,2018-11-10,Ramphastidae,Tucán goliblanco,Amazonia
148415,Celeus,grammicus,Scaly-breasted Woodpecker,Colombia,"Amazonas, Leticia, Reserva Biológica El Zafire",-4.005333,,song,A,1:26,https://xeno-canto.org/148415/download,2001-12-02,Picidae,Carpintero pechipunteado,Amazonia
148414,Celeus,grammicus,Scaly-breasted Woodpecker,Colombia,"Amazonas, Leticia, Reserva Biológica El Zafire",-4.005333,,song,A,2:02,https://xeno-canto.org/148414/download,2007-12-02,Picidae,Carpintero pechipunteado,Amazonia
148413,Celeus,grammicus,Scaly-breasted Woodpecker,Colombia,"Amazonas, Leticia, Reserva Biológica El Zafire",-4.005333,,song,A,2:00,https://xeno-canto.org/148413/download,2007-12-02,Picidae,Carpintero pechipunteado,Amazonia
148412,Celeus,grammicus,Scaly-breasted Woodpecker,Colombia,"Amazonas, Leticia, Reserva Biológica El Zafire",-4.005333,,"call, song",E,0:48,https://xeno-canto.org/148412/download,2007-12-02,Picidae,Carpintero pechipunteado,Amazonia
629427,Celeus,grammicus,Scaly-breasted Woodpecker,Colombia,"Bosque de los Carpinteros - San Jorge/Morelia, Caquetá",1.4719,,call,A,0:08,https://xeno-canto.org/629427/download,2021-03-13,Picidae,Carpintero pechipunteado,Amazonia
629426,Celeus,grammicus,Scaly-breasted Woodpecker,Colombia,"Bosque de los Carpinteros - San Jorge/Morelia, Caquetá",1.4719,,drumming,A,0:05,https://xeno-canto.org/629426/download,2021-03-13,Picidae,Carpintero pechipunteado,Amazonia
148392,Celeus,grammicus,Scaly-breasted Woodpecker,Colombia,"Caquetá, Solano, PNN Chiribiquete, Cunaré- Amú",0.2095833,,song,A,0:12,https://xeno-canto.org/148392/download,2001-01-02,Picidae,Carpintero pechipunteado,Amazonia
148387,Celeus,grammicus,Scaly-breasted Woodpecker,Colombia,"Caquetá, Solano, PNN Chiribiquete, Mesay Alto",0.2483333,,song,A,0:27,https://xeno-canto.org/148387/download,2000-01-01,Picidae,Carpintero pechipunteado,Amazonia
148373,Celeus,grammicus,Scaly-breasted Woodpecker,Colombia,"Caquetá, Solano, PNN Chiribiquete, Mesay Alto",0.2483333,,song,A,1:39,https://xeno-canto.org/148373/download,2000-01-01,Picidae,Carpintero pechipunteado,Amazonia
148372,Celeus,grammicus,Scaly-breasted Woodpecker,Colombia,"Caquetá, Solano, PNN Chiribiquete, Mesay Alto",0.2483333,,"call, song",A,0:30,https://xeno-canto.org/148372/download,2000-01-01,Picidae,Carpintero pechipunteado,Amazonia
148391,Celeus,grammicus,Scaly-breasted Woodpecker,Colombia,"Caquetá, Solano, PNN Chiribiquete, Cunaré- Amú",0.2095833,,song,B,1:05,https://xeno-canto.org/148391/download,2001-01-02,Picidae,Carpintero pechipunteado,Amazonia
148390,Celeus,grammicus,Scaly-breasted Woodpecker,Colombia,"Caquetá, Solano, PNN Chiribiquete, Cunaré- Amú",0.2095833,,call,B,0:12,https://xeno-canto.org/148390/download,2001-01-02,Picidae,Carpintero pechipunteado,Amazonia
148386,Celeus,grammicus,Scaly-breasted Woodpecker,Colombia,"Caquetá, Solano, PNN Chiribiquete, Río Mesay Puerto abeja",0.0742,,song,B,3:06,https://xeno-canto.org/148386/download,1999-01-06,Picidae,Carpintero pechipunteado,Amazonia
148380,Celeus,grammicus,Scaly-breasted Woodpecker,Colombia,"Caquetá, Solano, PNN Chiribiquete, Sararamano",0.1797222,,song,B,0:14,https://xeno-canto.org/148380/download,2000-01-04,Picidae,Carpintero pechipunteado,Amazonia
148376,Celeus,grammicus,Scaly-breasted Woodpecker,Colombia,"Caquetá, Solano, PNN Chiribiquete, Mesay Alto",0.2605556,,song,B,2:01,https://xeno-canto.org/148376/download,2000-01-01,Picidae,Carpintero pechipunteado,Amazonia
148375,Celeus,grammicus,Scaly-breasted Woodpecker,Colombia,"Caquetá, Solano, PNN Chiribiquete, Mesay Alto",0.2422222,,song,B,2:52,https://xeno-canto.org/148375/download,2000-01-01,Picidae,Carpintero pechipunteado,Amazonia
148374,Celeus,grammicus,Scaly-breasted Woodpecker,Colombia,"Caquetá, Solano, PNN Chiribiquete, Mesay Alto",0.2483333,,song,B,0:10,https://xeno-canto.org/148374/download,2000-01-01,Picidae,Carpintero pechipunteado,Amazonia
148371,Celeus,grammicus,Scaly-breasted Woodpecker,Colombia,"Caquetá, Solano, PNN Chiribiquete, Mesay Alto",0.2483333,,song,B,1:07,https://xeno-canto.org/148371/download,2000-01-01,Picidae,Carpintero pechipunteado,Amazonia
148370,Celeus,grammicus,Scaly-breasted Woodpecker,Colombia,"Caquetá, Solano, PNN Chiribiquete, Mesay Alto",0.2483333,,song,B,0:11,https://xeno-canto.org/148370/download,2000-01-01,Picidae,Carpintero pechipunteado,Amazonia
430771,Celeus,grammicus,Scaly-breasted Woodpecker,Colombia,"Morelia, Caquetá",1.2752,,song,D,3:02,https://xeno-canto.org/430771/download,2015-12-16,Picidae,Carpintero pechipunteado,Amazonia
148385,Celeus,grammicus,Scaly-breasted Woodpecker,Colombia,"Caquetá, Solano, PNN Chiribiquete, Cuñaré",0.5175,,song,D,0:11,https://xeno-canto.org/148385/download,2000-01-11,Picidae,Carpintero pechipunteado,Amazonia
148393,Celeus,grammicus,Scaly-breasted Woodpecker,Colombia,"Caquetá, Solano, PNN Chiribiquete, Cunaré- Amú",0.2131111,,song,E,0:36,https://xeno-canto.org/148393/download,2001-01-02,Picidae,Carpintero pechipunteado,Amazonia
148384,Celeus,grammicus,Scaly-breasted Woodpecker,Colombia,"Caquetá, Solano, PNN Chiribiquete, Cuñaré",0.5175,,song,E,0:33,https://xeno-canto.org/148384/download,2000-01-11,Picidae,Carpintero pechipunteado,Amazonia
148383,Celeus,grammicus,Scaly-breasted Woodpecker,Colombia,"Caquetá, Solano, PNN Chiribiquete, Cuñaré",0.5175,,song,E,0:34,https://xeno-canto.org/148383/download,2000-01-11,Picidae,Carpintero pechipunteado,Amazonia
148381,Celeus,grammicus,Scaly-breasted Woodpecker,Colombia,"Caquetá, Solano, PNN Chiribiquete, Cuñaré",0.4986944,,song,E,0:37,https://xeno-canto.org/148381/download,2000-01-11,Picidae,Carpintero pechipunteado,Amazonia
127279,Celeus,grammicus,Scaly-breasted Woodpecker,Colombia,"Mitu, Vaupes",1.2598,,song,B,0:11,https://xeno-canto.org/127279/download,2012-01-07,Picidae,Carpintero pechipunteado,Amazonia
693388,Celeus,grammicus,Scaly-breasted Woodpecker,Colombia,"Matraca trail, Inirida, Guainia",3.8627,,call,B,0:28,https://xeno-canto.org/693388/download,2021-11-21,Picidae,Carpintero pechipunteado,Amazonia
693389,Celeus,grammicus,Scaly-breasted Woodpecker,Colombia,"Sabanitas, Inirida, Guainia",3.8809,,call,C,0:09,https://xeno-canto.org/693389/download,2021-11-22,Picidae,Carpintero pechipunteado,Amazonia
713443,Glaucidium,brasilianum,Ferruginous Pygmy Owl,Colombia,"Mocagua island, Leticia, Amazonas, Colombia.",-3.8385,,song,A,0:51,https://xeno-canto.org/713443/download,2021-07-31,Strigidae,Buhíto ferruginoso,Amazonia
743182,Glaucidium,brasilianum,Ferruginous Pygmy Owl,Colombia,"Leticia, Leticia, Amazonas",-4.2173,,call,B,0:45,https://xeno-canto.org/743182/download,2021-05-18,Strigidae,Buhíto ferruginoso,Amazonia
743178,Glaucidium,brasilianum,Ferruginous Pygmy Owl,Colombia,"Leticia, Leticia, Amazonas",-4.2173,,song,B,1:00,https://xeno-canto.org/743178/download,2021-08-02,Strigidae,Buhíto ferruginoso,Amazonia
662459,Glaucidium,brasilianum,Ferruginous Pygmy Owl,Colombia,"Finca San Jorge, Morelia/Caquetá",1.4898,,call,A,0:21,https://xeno-canto.org/662459/download,2021-07-09,Strigidae,Buhíto ferruginoso,Amazonia
662458,Glaucidium,brasilianum,Ferruginous Pygmy Owl,Colombia,"Finca San Jorge, Morelia/Caquetá",1.4898,,call,A,0:11,https://xeno-canto.org/662458/download,2021-07-09,Strigidae,Buhíto ferruginoso,Amazonia
662457,Glaucidium,brasilianum,Ferruginous Pygmy Owl,Colombia,"Finca San Jorge, Morelia/Caquetá",1.4898,,call,A,0:15,https://xeno-canto.org/662457/download,2021-07-09,Strigidae,Buhíto ferruginoso,Amazonia
573805,Glaucidium,brasilianum,Ferruginous Pygmy Owl,Colombia,"Finca San Jorge, Morelia/Caquetá",1.4898,,song,A,0:08,https://xeno-canto.org/573805/download,2020-07-04,Strigidae,Buhíto ferruginoso,Amazonia
538623,Glaucidium,brasilianum,Ferruginous Pygmy Owl,Colombia,"Puerto Asís, Putumayo",0.4866,,song,A,0:29,https://xeno-canto.org/538623/download,2019-04-30,Strigidae,Buhíto ferruginoso,Amazonia
496927,Glaucidium,brasilianum,Ferruginous Pygmy Owl,Colombia,"Puerto Asís, Puerto Asís, Putumayo",0.4926,,"song, nyctibeus griseus",A,1:56,https://xeno-canto.org/496927/download,2019-09-12,Strigidae,Buhíto ferruginoso,Amazonia
428284,Glaucidium,brasilianum,Ferruginous Pygmy Owl,Colombia,"Resguardo Santa Rosa del Guamuez, Valle Del Guamuez, Putumayo",0.4798,,song,A,0:38,https://xeno-canto.org/428284/download,2018-07-22,Strigidae,Buhíto ferruginoso,Amazonia
332715,Glaucidium,brasilianum,Ferruginous Pygmy Owl,Colombia,"Puerto Asís, Puerto Asís, Putumayo",0.493,,song,A,0:41,https://xeno-canto.org/332715/download,2016-08-30,Strigidae,Buhíto ferruginoso,Amazonia
317853,Glaucidium,brasilianum,Ferruginous Pygmy Owl,Colombia,"V/Campucana Mocoa, Putumayo",1.2117,,song,B,2:38,https://xeno-canto.org/317853/download,2016-05-18,Strigidae,Buhíto ferruginoso,Amazonia
639823,Glaucidium,brasilianum,Ferruginous Pygmy Owl,Colombia,"Mochilo Hostal, Pueblo Viejo, Mocoa, Putumayo",1.1966,,uncertain,D,0:10,https://xeno-canto.org/639823/download,2021-03-31,Strigidae,Buhíto ferruginoso,Amazonia
693544,Glaucidium,brasilianum,Ferruginous Pygmy Owl,Colombia,"Matraca trail, Inirida, Guainia",3.8627,,song,A,0:45,https://xeno-canto.org/693544/download,2021-11-20,Strigidae,Buhíto ferruginoso,Amazonia
693542,Glaucidium,brasilianum,Ferruginous Pygmy Owl,Colombia,"Matraca trail, Inirida, Guainia",3.8627,,song,A,0:40,https://xeno-canto.org/693542/download,2021-11-20,Strigidae,Buhíto ferruginoso,Amazonia
693543,Glaucidium,brasilianum,Ferruginous Pygmy Owl,Colombia,"Matraca trail, Inirida, Guainia",3.8627,,song,B,0:24,https://xeno-canto.org/693543/download,2021-11-20,Strigidae,Buhíto ferruginoso,Amazonia
361345,Glaucidium,brasilianum,Ferruginous Pygmy Owl,Colombia,"Cerro Azúl, Serranía de la Lindosa, San José Del Guaviare, Guaviare",2.5272,,song,A,1:33,https://xeno-canto.org/361345/download,2016-10-21,Strigidae,Buhíto ferruginoso,Amazonia
361344,Glaucidium,brasilianum,Ferruginous Pygmy Owl,Colombia,"Cerro Azúl, Serranía de la Lindosa, San José Del Guaviare, Guaviare",2.5272,,song,A,0:36,https://xeno-canto.org/361344/download,2016-10-21,Strigidae,Buhíto ferruginoso,Amazonia
361343,Glaucidium,brasilianum,Ferruginous Pygmy Owl,Colombia,"Cerro Azúl, Serranía de la Lindosa, San José Del Guaviare, Guaviare",2.5272,,song,A,0:36,https://xeno-canto.org/361343/download,2016-10-21,Strigidae,Buhíto ferruginoso,Amazonia
106281,Glaucidium,brasilianum,Ferruginous Pygmy Owl,Colombia,San Jose de Guaviare - Departamento del Guaviare,2.667,,song,A,0:58,https://xeno-canto.org/106281/download,2012-06-25,Strigidae,Buhíto ferruginoso,Amazonia
405408,Glaucidium,brasilianum,Ferruginous Pygmy Owl,Colombia,"San José del Guaviare, Guaviare",2.5936,,song,C,2:06,https://xeno-canto.org/405408/download,2017-06-20,Strigidae,Buhíto ferruginoso,Amazonia
106282,Glaucidium,brasilianum,Ferruginous Pygmy Owl,Colombia,San Jose de Guaviare - Departamento del Guaviare,2.667,,song,C,0:38,https://xeno-canto.org/106282/download,2012-06-25,Strigidae,Buhíto ferruginoso,Amazonia
706522,Chordeiles,pusillus,Least Nighthawk,Colombia,"Ciudad Pérdida/ Puerto Santander, Amazonas",-0.63,,"call, song",B,0:32,https://xeno-canto.org/706522/download,2022-02-18,Caprimulgidae,Chotacabras menudo,Amazonia
706521,Chordeiles,pusillus,Least Nighthawk,Colombia,"Ciudad Pérdida/ Puerto Santander, Amazonas",-0.63,,"call, song",B,0:20,https://xeno-canto.org/706521/download,2022-02-18,Caprimulgidae,Chotacabras menudo,Amazonia
706520,Chordeiles,pusillus,Least Nighthawk,Colombia,"Ciudad Pérdida/ Puerto Santander, Amazonas",-0.63,,song,B,0:30,https://xeno-canto.org/706520/download,2022-02-17,Caprimulgidae,Chotacabras menudo,Amazonia
706518,Chordeiles,pusillus,Least Nighthawk,Colombia,"Ciudad Pérdida/ Puerto Santander, Amazonas",-0.63,,song,B,0:25,https://xeno-canto.org/706518/download,2022-02-18,Caprimulgidae,Chotacabras menudo,Amazonia
706366,Chordeiles,pusillus,Least Nighthawk,Colombia,"Ciudad Pérdida/ Puerto Santander, Amazonas",-0.63,,call,B,0:08,https://xeno-canto.org/706366/download,2022-02-17,Caprimulgidae,Chotacabras menudo,Amazonia
706364,Chordeiles,pusillus,Least Nighthawk,Colombia,"Ciudad Pérdida/ Puerto Santander, Amazonas",-0.63,,call,B,0:05,https://xeno-canto.org/706364/download,2022-02-17,Caprimulgidae,Chotacabras menudo,Amazonia
1036462,Chordeiles,pusillus,Least Nighthawk,Colombia,"White Sand Forest S of Inírida, Guainía",3.8235,,call,A,0:31,https://xeno-canto.org/1036462/download,2022-10-14,Caprimulgidae,Chotacabras menudo,Amazonia
693417,Chordeiles,pusillus,Least Nighthawk,Colombia,"Sabanitas, Inirida, Guainia",3.8809,,call,A,0:20,https://xeno-canto.org/693417/download,2021-11-22,Caprimulgidae,Chotacabras menudo,Amazonia
693415,Chordeiles,pusillus,Least Nighthawk,Colombia,"Sabanitas, Inirida, Guainia",3.8809,,"call, song, song and call",A,0:45,https://xeno-canto.org/693415/download,2021-11-22,Caprimulgidae,Chotacabras menudo,Amazonia
693414,Chordeiles,pusillus,Least Nighthawk,Colombia,"Sabanitas, Inirida, Guainia",3.8809,,song,A,0:33,https://xeno-canto.org/693414/download,2021-11-22,Caprimulgidae,Chotacabras menudo,Amazonia
693413,Chordeiles,pusillus,Least Nighthawk,Colombia,"Sabanitas, Inirida, Guainia",3.8809,,call,A,0:18,https://xeno-canto.org/693413/download,2021-11-22,Caprimulgidae,Chotacabras menudo,Amazonia
693412,Chordeiles,pusillus,Least Nighthawk,Colombia,"Sabanitas, Inirida, Guainia",3.8809,,song,A,0:19,https://xeno-canto.org/693412/download,2021-11-22,Caprimulgidae,Chotacabras menudo,Amazonia
1036470,Chordeiles,pusillus,Least Nighthawk,Colombia,"White Sand Forest S of Inírida, Guainía",3.8235,,call,B,0:10,https://xeno-canto.org/1036470/download,2022-10-14,Caprimulgidae,Chotacabras menudo,Amazonia
1036469,Chordeiles,pusillus,Least Nighthawk,Colombia,"White Sand Forest S of Inírida, Guainía",3.8235,,call,B,0:12,https://xeno-canto.org/1036469/download,2022-10-14,Caprimulgidae,Chotacabras menudo,Amazonia
1036467,Chordeiles,pusillus,Least Nighthawk,Colombia,"White Sand Forest S of Inírida, Guainía",3.8235,,call,B,0:10,https://xeno-canto.org/1036467/download,2022-10-14,Caprimulgidae,Chotacabras menudo,Amazonia
1036466,Chordeiles,pusillus,Least Nighthawk,Colombia,"White Sand Forest S of Inírida, Guainía",3.8235,,call,B,0:21,https://xeno-canto.org/1036466/download,2022-10-14,Caprimulgidae,Chotacabras menudo,Amazonia
1033831,Chordeiles,pusillus,Least Nighthawk,Colombia,"White Sand Forest S of Inírida, Guainía",3.8235,,flight call,B,1:10,https://xeno-canto.org/1033831/download,2022-10-13,Caprimulgidae,Chotacabras menudo,Amazonia
693416,Chordeiles,pusillus,Least Nighthawk,Colombia,"Sabanitas, Inirida, Guainia",3.8809,,call,B,0:16,https://xeno-canto.org/693416/download,2021-11-22,Caprimulgidae,Chotacabras menudo,Amazonia
693411,Chordeiles,pusillus,Least Nighthawk,Colombia,"Sabanitas, Inirida, Guainia",3.8809,,song,B,0:26,https://xeno-canto.org/693411/download,2021-11-22,Caprimulgidae,Chotacabras menudo,Amazonia
693410,Chordeiles,pusillus,Least Nighthawk,Colombia,"Sabanitas, Inirida, Guainia",3.8809,,"call, song, song and call",B,1:09,https://xeno-canto.org/693410/download,2021-11-22,Caprimulgidae,Chotacabras menudo,Amazonia
1036468,Chordeiles,pusillus,Least Nighthawk,Colombia,"White Sand Forest S of Inírida, Guainía",3.8235,,call,C,0:13,https://xeno-canto.org/1036468/download,2022-10-14,Caprimulgidae,Chotacabras menudo,Amazonia
743186,Rupornis,magnirostris,Roadside Hawk,Colombia,"Leticia, Leticia, Amazonas",-4.2173,,call,B,0:46,https://xeno-canto.org/743186/download,2022-06-27,Accipitridae,Gavilán caminero,Amazonia
1036902,Rupornis,magnirostris,Roadside Hawk,Colombia,"Pava Negra Nature Reserve - Florencia, Caquetá.",1.7135,,call,A,0:40,https://xeno-canto.org/1036902/download,2025-09-06,Accipitridae,Gavilán caminero,Amazonia
627550,Rupornis,magnirostris,Roadside Hawk,Colombia,"Cerro Travesías - Florencia, Caquetá",1.6815,,"flight call, song",A,0:21,https://xeno-canto.org/627550/download,2021-03-05,Accipitridae,Gavilán caminero,Amazonia
591184,Rupornis,magnirostris,Roadside Hawk,Colombia,"Morelia, Caquetá",1.4457,,song,A,0:11,https://xeno-canto.org/591184/download,2020-09-26,Accipitridae,Gavilán caminero,Amazonia
117384,Rupornis,magnirostris,Roadside Hawk,Colombia,"PNN Chiribiquete, Solano, Caquetá",-0.2483333333,,song,A,0:26,https://xeno-canto.org/117384/download,2000-11-01,Accipitridae,Gavilán caminero,Amazonia
558090,Rupornis,magnirostris,Roadside Hawk,Colombia,"Finca San Jorge, Morelia/Caquetá",1.4898,,call,B,0:03,https://xeno-canto.org/558090/download,2020-05-10,Accipitridae,Gavilán caminero,Amazonia
549988,Rupornis,magnirostris,Roadside Hawk,Colombia,"Finca San Jorge, Morelia/Caquetá",1.4898,,call,B,0:12,https://xeno-canto.org/549988/download,2020-04-20,Accipitridae,Gavilán caminero,Amazonia
549987,Rupornis,magnirostris,Roadside Hawk,Colombia,"Finca San Jorge, Morelia/Caquetá",1.4898,,call,B,0:02,https://xeno-canto.org/549987/download,2020-04-20,Accipitridae,Gavilán caminero,Amazonia
117546,Rupornis,magnirostris,Roadside Hawk,Colombia,"Alto río Yurayaco, La Esmeralda, San José de la Fragua, Caquetá",1.348611,,song,B,0:15,https://xeno-canto.org/117546/download,2000-09-03,Accipitridae,Gavilán caminero,Amazonia
117322,Rupornis,magnirostris,Roadside Hawk,Colombia,"Alto río Yurayaco, La Esmeralda, San José de la Fragua, Caquetá",1.348611,,song,D,0:16,https://xeno-canto.org/117322/download,2000-09-01,Accipitridae,Gavilán caminero,Amazonia
449501,Rupornis,magnirostris,Roadside Hawk,Colombia,"Reserva Natural La Isla Escondida, Orito, Putumayo",0.6513,,call,C,1:05,https://xeno-canto.org/449501/download,2018-12-30,Accipitridae,Gavilán caminero,Amazonia
81400,Rupornis,magnirostris,Roadside Hawk,Colombia,"Mitu, Vaupes",1.2598,,call,A,1:02,https://xeno-canto.org/81400/download,2011-06-08,Accipitridae,Gavilán caminero,Amazonia
1040654,Rupornis,magnirostris,Roadside Hawk,Colombia,"forest nr Rubbish dump, Inírida, Guainía",3.8262,,song,A,0:18,https://xeno-canto.org/1040654/download,2022-10-18,Accipitridae,Gavilán caminero,Amazonia
1040527,Rupornis,magnirostris,Roadside Hawk,Colombia,"Matraca trail, Inirida, Guainia. Varzea",,,song,A,0:20,https://xeno-canto.org/1040527/download,2022-10-16,Accipitridae,Gavilán caminero,Amazonia
1035040,Rupornis,magnirostris,Roadside Hawk,Colombia,"Kenke, Reserva Flor de Inirida - Inírida, Guainia",3.8139,,song,A,0:25,https://xeno-canto.org/1035040/download,2022-10-14,Accipitridae,Gavilán caminero,Amazonia
693818,Rupornis,magnirostris,Roadside Hawk,Colombia,"Flor de Inirida, Guainía",3.813305,,call,A,0:15,https://xeno-canto.org/693818/download,2021-11-19,Accipitridae,Gavilán caminero,Amazonia
443972,Rupornis,magnirostris,Roadside Hawk,Colombia,"Matraca trail, Inirida, Guainia",3.8627,,song,A,0:29,https://xeno-canto.org/443972/download,2018-11-12,Accipitridae,Gavilán caminero,Amazonia
1040046,Rupornis,magnirostris,Roadside Hawk,Colombia,"Sabanitas, Inírida, White sand forest. Guainía. ",3.8849,,"call, song",B,0:58,https://xeno-canto.org/1040046/download,2022-10-15,Accipitridae,Gavilán caminero,Amazonia
693819,Rupornis,magnirostris,Roadside Hawk,Colombia,"Sabanitas, Inirida, Guainia",3.8809,,call,B,0:07,https://xeno-canto.org/693819/download,2021-11-22,Accipitridae,Gavilán caminero,Amazonia
357518,Rupornis,magnirostris,Roadside Hawk,Colombia,"Inírida, Guainía",3.8186,,call,B,0:33,https://xeno-canto.org/357518/download,2017-02-15,Accipitridae,Gavilán caminero,Amazonia
608230,Frederickena,fulva,Fulvous Antshrike,Colombia,"Reserva Natural La Isla Escondida, Orito, Putumayo",0.6513,,call,A,0:16,https://xeno-canto.org/608230/download,2020-12-10,Thamnophilidae,Hormiguero crestado,Amazonia
540660,Frederickena,fulva,Fulvous Antshrike,Colombia,"Reserva Natural La Isla Escondida, Orito, Putumayo",0.6513,,call,A,0:23,https://xeno-canto.org/540660/download,2020-02-09,Thamnophilidae,Hormiguero crestado,Amazonia
449365,Frederickena,fulva,Fulvous Antshrike,Colombia,"Reserva Natural La Isla Escondida, Orito, Putumayo",0.6513,,call,A,0:18,https://xeno-canto.org/449365/download,2019-01-01,Thamnophilidae,Hormiguero crestado,Amazonia
449227,Frederickena,fulva,Fulvous Antshrike,Colombia,"Reserva Natural La Isla Escondida, Orito, Putumayo",0.6513,,song,A,0:56,https://xeno-canto.org/449227/download,2018-12-28,Thamnophilidae,Hormiguero crestado,Amazonia
449226,Frederickena,fulva,Fulvous Antshrike,Colombia,"Reserva Natural La Isla Escondida, Orito, Putumayo",0.6513,,song,A,0:34,https://xeno-canto.org/449226/download,2018-12-28,Thamnophilidae,Hormiguero crestado,Amazonia
448050,Frederickena,fulva,Fulvous Antshrike,Colombia,"Reserva Natural La Isla Escondida, Orito, Putumayo",0.6513,,song,A,1:04,https://xeno-canto.org/448050/download,2018-02-10,Thamnophilidae,Hormiguero crestado,Amazonia
332731,Frederickena,fulva,Fulvous Antshrike,Colombia,"Nuevo Mundo, Resguardo Indígena Jardín de la Sierra, Orito, Putumayo",0.6937,,song,A,3:05,https://xeno-canto.org/332731/download,2016-07-28,Thamnophilidae,Hormiguero crestado,Amazonia
322067,Frederickena,fulva,Fulvous Antshrike,Colombia,"Nuevo Mundo, Resguardo Indígena Jardín de la Sierra, Orito, Putumayo",0.6937,,song,A,0:58,https://xeno-canto.org/322067/download,2016-05-24,Thamnophilidae,Hormiguero crestado,Amazonia
322058,Frederickena,fulva,Fulvous Antshrike,Colombia,"Nuevo Mundo, Resguardo Indígena Jardín de la Sierra, Orito, Putumayo",0.6937,,song,A,1:15,https://xeno-canto.org/322058/download,2016-05-21,Thamnophilidae,Hormiguero crestado,Amazonia
322057,Frederickena,fulva,Fulvous Antshrike,Colombia,"Nuevo Mundo, Resguardo Indígena Jardín de la Sierra, Orito, Putumayo",0.6937,,song,A,0:38,https://xeno-canto.org/322057/download,2016-05-21,Thamnophilidae,Hormiguero crestado,Amazonia
322056,Frederickena,fulva,Fulvous Antshrike,Colombia,"Nuevo Mundo, Resguardo Indígena Jardín de la Sierra, Orito, Putumayo",0.6937,,"call, song",A,0:35,https://xeno-canto.org/322056/download,2016-05-21,Thamnophilidae,Hormiguero crestado,Amazonia
322055,Frederickena,fulva,Fulvous Antshrike,Colombia,"Nuevo Mundo, Resguardo Indígena Jardín de la Sierra, Orito, Putumayo",0.6937,,song,A,0:32,https://xeno-canto.org/322055/download,2016-05-21,Thamnophilidae,Hormiguero crestado,Amazonia
322054,Frederickena,fulva,Fulvous Antshrike,Colombia,"Nuevo Mundo, Resguardo Indígena Jardín de la Sierra, Orito, Putumayo",0.6937,,call,A,0:53,https://xeno-canto.org/322054/download,2016-05-21,Thamnophilidae,Hormiguero crestado,Amazonia
610114,Frederickena,fulva,Fulvous Antshrike,Colombia,"Reserva Natural La Isla Escondida, Orito, Putumayo",0.6513,,song,B,0:56,https://xeno-canto.org/610114/download,2020-12-18,Thamnophilidae,Hormiguero crestado,Amazonia
512859,Frederickena,fulva,Fulvous Antshrike,Colombia,"Reserva Natural La Isla Escondida, Orito, Putumayo",0.6513,,song,B,0:27,https://xeno-canto.org/512859/download,2019-12-17,Thamnophilidae,Hormiguero crestado,Amazonia
438709,Frederickena,fulva,Fulvous Antshrike,Colombia,"Vereda El Libano, Orito, Putumayo",0.6567,,song,B,7:39,https://xeno-canto.org/438709/download,2018-10-13,Thamnophilidae,Hormiguero crestado,Amazonia
421006,Frederickena,fulva,Fulvous Antshrike,Colombia,"Finca Larandia, Vereda Peneya, Puerto Asís, Putumayo",0.5292,,song,B,0:31,https://xeno-canto.org/421006/download,2018-06-10,Thamnophilidae,Hormiguero crestado,Amazonia
357455,Frederickena,fulva,Fulvous Antshrike,Colombia,"Nuevo Mundo, Resguardo Indígena Jardín de la Sierra, Orito, Putumayo",0.7398,,song,B,0:23,https://xeno-canto.org/357455/download,2016-12-28,Thamnophilidae,Hormiguero crestado,Amazonia
332736,Frederickena,fulva,Fulvous Antshrike,Colombia,"Nuevo Mundo, Resguardo Indígena Jardín de la Sierra, Orito, Putumayo",0.6937,,song,B,0:43,https://xeno-canto.org/332736/download,2016-07-29,Thamnophilidae,Hormiguero crestado,Amazonia
305752,Frederickena,fulva,Fulvous Antshrike,Colombia,"Nuevo mundo - Orito, Putumayo",0.7398,,call,B,0:19,https://xeno-canto.org/305752/download,2016-03-03,Thamnophilidae,Hormiguero crestado,Amazonia
1069417,Crypturellus,undulatus,Undulated Tinamou,Colombia,"Amacayacu NP Leticia, Amazonas",-3.4449,,song,A,0:10,https://xeno-canto.org/1069417/download,1987-02-00,Tinamidae,Tinamú ondulado,Amazonia
613795,Crypturellus,undulatus,Undulated Tinamou,Colombia,"Puerto Nariño, Amazonas",-3.7865,,song,A,0:05,https://xeno-canto.org/613795/download,2019-07-20,Tinamidae,Tinamú ondulado,Amazonia
743191,Crypturellus,undulatus,Undulated Tinamou,Colombia,"Leticia, Leticia, Amazonas",-4.2173,,song,B,1:14,https://xeno-canto.org/743191/download,2022-06-27,Tinamidae,Tinamú ondulado,Amazonia
729222,Crypturellus,undulatus,Undulated Tinamou,Colombia,"Puerto Nariño, Amazonas",-3.7723,,song,C,0:05,https://xeno-canto.org/729222/download,2022-05-10,Tinamidae,Tinamú ondulado,Amazonia
353343,Crypturellus,undulatus,Undulated Tinamou,Colombia,"Mocagua island, Leticia, Amazonas Department",-3.8385,,song,E,0:12,https://xeno-canto.org/353343/download,2015-08-09,Tinamidae,Tinamú ondulado,Amazonia
550059,Crypturellus,undulatus,Undulated Tinamou,Colombia,"Finca San Jorge, Morelia/Caquetá",1.4898,,song,A,0:02,https://xeno-canto.org/550059/download,2020-04-20,Tinamidae,Tinamú ondulado,Amazonia
217154,Crypturellus,undulatus,Undulated Tinamou,Colombia,"Reserva las Dalias, La Montañita, Caquetá",1.4883,,song,B,0:25,https://xeno-canto.org/217154/download,2015-03-14,Tinamidae,Tinamú ondulado,Amazonia
429773,Crypturellus,undulatus,Undulated Tinamou,Colombia,"Morelia, Caquetá",1.4,,song,C,1:20,https://xeno-canto.org/429773/download,2015-12-12,Tinamidae,Tinamú ondulado,Amazonia
1063153,Crypturellus,undulatus,Undulated Tinamou,Colombia,"Puerto Leguízamo, Putumayo",-0.1721,,song,A,2:20,https://xeno-canto.org/1063153/download,2025-11-27,Tinamidae,Tinamú ondulado,Amazonia
1063150,Crypturellus,undulatus,Undulated Tinamou,Colombia,"Puerto Leguízamo, Putumayo",-0.1721,,song,A,1:07,https://xeno-canto.org/1063150/download,2025-11-27,Tinamidae,Tinamú ondulado,Amazonia
302125,Crypturellus,undulatus,Undulated Tinamou,Colombia,"V/Rumiyaco Mocoa, Putumayo",1.1265,,song,B,0:21,https://xeno-canto.org/302125/download,2015-12-10,Tinamidae,Tinamú ondulado,Amazonia
295953,Crypturellus,undulatus,Undulated Tinamou,Colombia,"V/Rumiyaco Mocoa, Putumayo",1.1282,,song,B,0:12,https://xeno-canto.org/295953/download,2015-12-08,Tinamidae,Tinamú ondulado,Amazonia
199262,Crypturellus,undulatus,Undulated Tinamou,Colombia,"Villagarzon, Putumayo",0.8049,,song,B,2:00,https://xeno-canto.org/199262/download,2014-09-19,Tinamidae,Tinamú ondulado,Amazonia
245095,Crypturellus,undulatus,Undulated Tinamou,Colombia,"Reserva Natural Playa Guio, San José del Guaviare, Guaviare",2.5828,,song,B,1:16,https://xeno-canto.org/245095/download,2013-07-02,Tinamidae,Tinamú ondulado,Amazonia
245077,Crypturellus,undulatus,Undulated Tinamou,Colombia,"Reserva Natural Playa Guio, San José del Guaviare, Guaviare",2.5828,,song,B,0:29,https://xeno-canto.org/245077/download,2013-06-29,Tinamidae,Tinamú ondulado,Amazonia
142103,Crypturellus,undulatus,Undulated Tinamou,Colombia,"San José del Guaviare, Guaviare",2.5738,,song,B,1:16,https://xeno-canto.org/142103/download,2013-07-01,Tinamidae,Tinamú ondulado,Amazonia
106270,Crypturellus,undulatus,Undulated Tinamou,Colombia,San Jose de Guaviare - Departamento del Guaviare,2.667,,song,C,0:33,https://xeno-canto.org/106270/download,2012-06-28,Tinamidae,Tinamú ondulado,Amazonia
106332,Crypturellus,undulatus,Undulated Tinamou,Colombia,San Jose de Guaviare - Departamento del Guaviare,2.667,,song,D,0:17,https://xeno-canto.org/106332/download,2012-06-26,Tinamidae,Tinamú ondulado,Amazonia
709435,Crypturellus,undulatus,Undulated Tinamou,Colombia,"Rey Zamuro, San Martín, Meta",3.546,,song,A,0:24,https://xeno-canto.org/709435/download,2022-03-15,Tinamidae,Tinamú ondulado,Colombia_otro
580194,Crypturellus,undulatus,Undulated Tinamou,Colombia,"Vereda Santa Rita, Piamonte, Cauca",1.1226,,song,A,0:17,https://xeno-canto.org/580194/download,2020-07-31,Tinamidae,Tinamú ondulado,Colombia_otro
180328,Crypturellus,undulatus,Undulated Tinamou,Colombia,"San Martín, Meta",3.6919,,song,A,0:53,https://xeno-canto.org/180328/download,2013-09-15,Tinamidae,Tinamú ondulado,Colombia_otro
154637,Crypturellus,undulatus,Undulated Tinamou,Colombia,"La Macarena, Meta",2.0529,,song,A,2:09,https://xeno-canto.org/154637/download,2013-10-02,Tinamidae,Tinamú ondulado,Colombia_otro
148230,Crypturellus,undulatus,Undulated Tinamou,Colombia,"Meta, Guamal, Hacienda Mozambique",3.950556,,song,A,0:33,https://xeno-canto.org/148230/download,1994-09-20,Tinamidae,Tinamú ondulado,Colombia_otro
148049,Crypturellus,undulatus,Undulated Tinamou,Colombia,"Meta, Puerto López, Hacienda Mozambique",3.950556,,song,A,0:34,https://xeno-canto.org/148049/download,1991-01-03,Tinamidae,Tinamú ondulado,Colombia_otro
23706,Crypturellus,undulatus,Undulated Tinamou,Colombia,San Martin,,,song,A,0:17,https://xeno-canto.org/23706/download,2008-05-17,Tinamidae,Tinamú ondulado,Colombia_otro
117750,Crypturellus,undulatus,Undulated Tinamou,Colombia,"Centro de Investigaciones Ecológicas La Macarena. Río Duda, Macarena, Meta",2.742222,,song,B,1:30,https://xeno-canto.org/117750/download,1993-03-02,Tinamidae,Tinamú ondulado,Colombia_otro
117744,Crypturellus,undulatus,Undulated Tinamou,Colombia,"Centro de Investigaciones Ecológicas La Macarena. Río Duda, Macarena, Meta",2.742222,,song,B,2:43,https://xeno-canto.org/117744/download,2003-02-14,Tinamidae,Tinamú ondulado,Colombia_otro
54800,Crypturellus,undulatus,Undulated Tinamou,Colombia,"Finca La Pradera, Parroquia Remolinos, Municipio Puerto Lopez, Meta",,,song,B,0:35,https://xeno-canto.org/54800/download,2000-04-18,Tinamidae,Tinamú ondulado,Colombia_otro
54801,Crypturellus,undulatus,Undulated Tinamou,Colombia,"Finca La Pradera, Parroquia Remolinos, Municipio Puerto Lopez, Meta",,,song,C,0:43,https://xeno-canto.org/54801/download,2000-04-18,Tinamidae,Tinamú ondulado,Colombia_otro
743542,Lipaugus,vociferans,Screaming Piha,Colombia,"Leticia, Amazonas",-4.0366,,song,B,0:59,https://xeno-canto.org/743542/download,2020-08-30,Cotingidae,Piha gritona,Amazonia
329364,Lipaugus,vociferans,Screaming Piha,Colombia,"Leticia, Amazonas",-4.0279,,song,B,2:16,https://xeno-canto.org/329364/download,2016-01-18,Cotingidae,Piha gritona,Amazonia
163595,Lipaugus,vociferans,Screaming Piha,Colombia,"PNN Amacaycau, Leticia, Amazonas",-3.8717,,song,B,0:30,https://xeno-canto.org/163595/download,1987-01-00,Cotingidae,Piha gritona,Amazonia
421081,Lipaugus,vociferans,Screaming Piha,Colombia,"Finca San Carlos, Vereda Peneya,  Puerto Asís, Putumayo",0.5362,,song,A,0:43,https://xeno-canto.org/421081/download,2018-06-13,Cotingidae,Piha gritona,Amazonia
81846,Lipaugus,vociferans,Screaming Piha,Colombia,"Mitu, Vaupes",1.2598,,song,A,1:40,https://xeno-canto.org/81846/download,2011-06-13,Cotingidae,Piha gritona,Amazonia
81845,Lipaugus,vociferans,Screaming Piha,Colombia,"Mitu, Vaupes",1.2598,,song,A,1:37,https://xeno-canto.org/81845/download,2011-06-13,Cotingidae,Piha gritona,Amazonia
81844,Lipaugus,vociferans,Screaming Piha,Colombia,"Mitu, Vaupes",1.2598,,"call, song",A,0:36,https://xeno-canto.org/81844/download,2011-06-13,Cotingidae,Piha gritona,Amazonia
81843,Lipaugus,vociferans,Screaming Piha,Colombia,"Mitu, Vaupes",1.2598,,call,A,0:53,https://xeno-canto.org/81843/download,2011-06-11,Cotingidae,Piha gritona,Amazonia
81842,Lipaugus,vociferans,Screaming Piha,Colombia,"Mitu, Vaupes",1.2598,,call,A,0:26,https://xeno-canto.org/81842/download,2011-06-11,Cotingidae,Piha gritona,Amazonia
56138,Lipaugus,vociferans,Screaming Piha,Colombia,"Mitu, Vaupes. Road to Santa Cruz",,,?,A,0:33,https://xeno-canto.org/56138/download,2009-02-16,Cotingidae,Piha gritona,Amazonia
1043160,Lipaugus,vociferans,Screaming Piha,Colombia,"White sand forest (approx), Mitú, Vaupés",1.2111,,song,B,1:10,https://xeno-canto.org/1043160/download,2022-10-22,Cotingidae,Piha gritona,Amazonia
921734,Lipaugus,vociferans,Screaming Piha,Colombia,"Mitú, Vaupes",1.0943,,song,B,1:31,https://xeno-canto.org/921734/download,2024-01-21,Cotingidae,Piha gritona,Amazonia
443979,Lipaugus,vociferans,Screaming Piha,Colombia,"Sabanitas, Inirida, Guainia",3.8809,,song,A,0:39,https://xeno-canto.org/443979/download,2018-11-11,Cotingidae,Piha gritona,Amazonia
443978,Lipaugus,vociferans,Screaming Piha,Colombia,"Sabanitas, Inirida, Guainia",3.8809,,song,A,3:51,https://xeno-canto.org/443978/download,2018-11-11,Cotingidae,Piha gritona,Amazonia
357225,Lipaugus,vociferans,Screaming Piha,Colombia,"Sabanitas, Inirida, Guainia",3.8809,,song,A,3:07,https://xeno-canto.org/357225/download,2017-02-18,Cotingidae,Piha gritona,Amazonia
357224,Lipaugus,vociferans,Screaming Piha,Colombia,"Sabanitas, Inirida, Guainia",3.8809,,song,A,0:53,https://xeno-canto.org/357224/download,2017-02-18,Cotingidae,Piha gritona,Amazonia
1041185,Lipaugus,vociferans,Screaming Piha,Colombia,"Bocatoma, terra firme forest, Mitú",1.1792,,song,A,2:01,https://xeno-canto.org/1041185/download,2022-10-21,Cotingidae,Piha gritona,Colombia_otro
901262,Lipaugus,vociferans,Screaming Piha,Colombia,"La Uribe, Meta, PNN Cordillera de los Picachos ",2.7526,,song,A,0:10,https://xeno-canto.org/901262/download,2013-08-11,Cotingidae,Piha gritona,Colombia_otro
591823,Lipaugus,vociferans,Screaming Piha,Colombia,"La Sonora-Piamonte, Cauca",1.1767,,song,A,0:04,https://xeno-canto.org/591823/download,2019-10-18,Cotingidae,Piha gritona,Colombia_otro
591821,Lipaugus,vociferans,Screaming Piha,Colombia,"La Sonora-Piamonte, Cauca",1.1767,,song,A,0:05,https://xeno-canto.org/591821/download,2019-10-18,Cotingidae,Piha gritona,Colombia_otro
458958,Lipaugus,vociferans,Screaming Piha,Colombia,"Piamonte, Cauca",1.0538,,song,A,0:35,https://xeno-canto.org/458958/download,2019-02-22,Cotingidae,Piha gritona,Colombia_otro
1043152,Lipaugus,vociferans,Screaming Piha,Colombia,"Bocatoma, terra firme forest, Mitú",1.1792,,song,B,0:10,https://xeno-canto.org/1043152/download,2022-10-21,Cotingidae,Piha gritona,Colombia_otro
591825,Lipaugus,vociferans,Screaming Piha,Colombia,"La Sonora-Piamonte, Cauca",1.1767,,song,B,0:04,https://xeno-canto.org/591825/download,2019-10-18,Cotingidae,Piha gritona,Colombia_otro
525583,Lipaugus,vociferans,Screaming Piha,Colombia,"PNN Chiribiquete, cunaré- Amú",0.2130556,,,B,1:59,https://xeno-canto.org/525583/download,2001-01-02,Cotingidae,Piha gritona,Colombia_otro
525378,Lipaugus,vociferans,Screaming Piha,Colombia,"PNN Chiribiquete, cunaré- Amú",0.2130556,,,B,1:31,https://xeno-canto.org/525378/download,2001-01-02,Cotingidae,Piha gritona,Colombia_otro
523948,Lipaugus,vociferans,Screaming Piha,Colombia,"PNN Chiribiquete, río Mesay Puerto abeja",0.0741667,,,B,1:27,https://xeno-canto.org/523948/download,1999-01-06,Cotingidae,Piha gritona,Colombia_otro
520937,Lipaugus,vociferans,Screaming Piha,Colombia,"PNN Chiribiquete, cuñaré",0.5175,,,B,2:00,https://xeno-canto.org/520937/download,2000-01-11,Cotingidae,Piha gritona,Colombia_otro
520936,Lipaugus,vociferans,Screaming Piha,Colombia,"PNN Chiribiquete, cuñaré",0.5175,,,B,2:18,https://xeno-canto.org/520936/download,2000-01-11,Cotingidae,Piha gritona,Colombia_otro
520935,Lipaugus,vociferans,Screaming Piha,Colombia,"PNN Chiribiquete, cuñaré",0.5175,,,B,1:20,https://xeno-canto.org/520935/download,2000-01-11,Cotingidae,Piha gritona,Colombia_otro
520934,Lipaugus,vociferans,Screaming Piha,Colombia,"PNN Chiribiquete, cuñaré",0.4986111,,,B,1:19,https://xeno-canto.org/520934/download,2000-01-11,Cotingidae,Piha gritona,Colombia_otro
520933,Lipaugus,vociferans,Screaming Piha,Colombia,"PNN Chiribiquete, río Mesay Puerto abeja",0.0741667,,,B,3:48,https://xeno-canto.org/520933/download,1999-01-06,Cotingidae,Piha gritona,Colombia_otro
520932,Lipaugus,vociferans,Screaming Piha,Colombia,"PNN Chiribiquete, río Mesay Puerto abeja",0.0741667,,,B,0:34,https://xeno-canto.org/520932/download,1999-01-06,Cotingidae,Piha gritona,Colombia_otro
519394,Lipaugus,vociferans,Screaming Piha,Colombia,"PNN Chiribiquete, río Mesay Puerto abeja",0.0741667,,,B,1:10,https://xeno-canto.org/519394/download,1999-01-06,Cotingidae,Piha gritona,Colombia_otro
519393,Lipaugus,vociferans,Screaming Piha,Colombia,"PNN Chiribiquete, sararamano",0.1572222,,,B,1:45,https://xeno-canto.org/519393/download,2000-01-04,Cotingidae,Piha gritona,Colombia_otro
519392,Lipaugus,vociferans,Screaming Piha,Colombia,"PNN Chiribiquete, sararamano",0.1672222,,,B,3:07,https://xeno-canto.org/519392/download,2000-01-04,Cotingidae,Piha gritona,Colombia_otro
536525,Lipaugus,vociferans,Screaming Piha,Colombia,"Finca Cataleya-Flanco Oriental Serranía de los Churumbelos-Piamonte, Cauca",1.1427,,song,C,0:22,https://xeno-canto.org/536525/download,2019-01-11,Cotingidae,Piha gritona,Colombia_otro
747288,Trogon,viridis,Green-backed Trogon,Colombia,"Leticia, Amazonas",-4.1402,,"duet, song, motor, golpes en madera",B,1:44,https://xeno-canto.org/747288/download,2022-08-06,Trogonidae,Trogón coliblanco,Amazonia
743177,Trogon,viridis,Green-backed Trogon,Colombia,"Leticia, Leticia, Amazonas",-4.2173,,song,B,0:49,https://xeno-canto.org/743177/download,2021-05-05,Trogonidae,Trogón coliblanco,Amazonia
399703,Trogon,viridis,Green-backed Trogon,Colombia,"Amazonas, La Pedrera, Resguardo Indígena de Camaritagua",-1.3819,,song,B,1:58,https://xeno-canto.org/399703/download,2017-05-07,Trogonidae,Trogón coliblanco,Amazonia
163577,Trogon,viridis,Green-backed Trogon,Colombia,"PNN Amacaycau, Leticia, Amazonas",-3.8717,,song,B,0:26,https://xeno-canto.org/163577/download,1987-01-00,Trogonidae,Trogón coliblanco,Amazonia
822543,Trogon,viridis,Green-backed Trogon,Colombia,"Bosque de los Carpinteros - San Jorge/Morelia, Caquetá",1.4719,,song,A,1:13,https://xeno-canto.org/822543/download,2023-08-13,Trogonidae,Trogón coliblanco,Amazonia
549999,Trogon,viridis,Green-backed Trogon,Colombia,"Finca San Jorge, Morelia/Caquetá",1.4898,,song,B,0:05,https://xeno-canto.org/549999/download,2020-04-20,Trogonidae,Trogón coliblanco,Amazonia
621195,Trogon,viridis,Green-backed Trogon,Colombia,"San Vicente del Caguán, Caqueta",1.4272,,song,C,0:04,https://xeno-canto.org/621195/download,2021-02-03,Trogonidae,Trogón coliblanco,Amazonia
435764,Trogon,viridis,Green-backed Trogon,Colombia,"Morelia, Caquetá",1.4,,song,D,0:13,https://xeno-canto.org/435764/download,2015-12-12,Trogonidae,Trogón coliblanco,Amazonia
156384,Trogon,viridis,Green-backed Trogon,Colombia,"El Fin del Mundo, Mocoa, Putumayo",1.1043,,song,B,2:38,https://xeno-canto.org/156384/download,2013-01-07,Trogonidae,Trogón coliblanco,Amazonia
450248,Trogon,viridis,Green-backed Trogon,Colombia,"Mocoa, Putumayo",1.1169,,song,C,0:40,https://xeno-canto.org/450248/download,2019-01-03,Trogonidae,Trogón coliblanco,Amazonia
921732,Trogon,viridis,Green-backed Trogon,Colombia,"Mitú, Vaupes",1.0943,,song,A,1:11,https://xeno-canto.org/921732/download,2024-01-21,Trogonidae,Trogón coliblanco,Amazonia
921727,Trogon,viridis,Green-backed Trogon,Colombia,"Mitú, Vaupes",1.0943,,song,A,0:18,https://xeno-canto.org/921727/download,2024-01-21,Trogonidae,Trogón coliblanco,Amazonia
693936,Trogon,viridis,Green-backed Trogon,Colombia,"Sabanitas, Inirida, Guainia",3.8809,,song,B,0:19,https://xeno-canto.org/693936/download,2021-11-23,Trogonidae,Trogón coliblanco,Amazonia
830730,Trogon,viridis,Green-backed Trogon,Colombia,"San José Del Guaviare, Guaviare",2.5105,,song,D,0:08,https://xeno-canto.org/830730/download,2023-09-17,Trogonidae,Trogón coliblanco,Amazonia
525682,Trogon,viridis,Green-backed Trogon,Colombia,"PNN Chiribiquete, cunaré- Amú",0.2130556,,,no score,1:07,https://xeno-canto.org/525682/download,2001-01-02,Trogonidae,Trogón coliblanco,Colombia_otro
525681,Trogon,viridis,Green-backed Trogon,Colombia,"PNN Chiribiquete, cunaré- Amú",0.2094444,,,no score,1:27,https://xeno-canto.org/525681/download,2001-01-02,Trogonidae,Trogón coliblanco,Colombia_otro
525680,Trogon,viridis,Green-backed Trogon,Colombia,"PNN Chiribiquete, cunaré- Amú",0.2275,,,no score,3:45,https://xeno-canto.org/525680/download,2001-01-02,Trogonidae,Trogón coliblanco,Colombia_otro
525442,Trogon,viridis,Green-backed Trogon,Colombia,"PNN Chiribiquete, cunaré- Amú",0.2130556,,,no score,4:15,https://xeno-canto.org/525442/download,2001-01-02,Trogonidae,Trogón coliblanco,Colombia_otro
525441,Trogon,viridis,Green-backed Trogon,Colombia,"PNN Chiribiquete, cunaré- Amú",0.2130556,,,no score,2:35,https://xeno-canto.org/525441/download,2001-01-02,Trogonidae,Trogón coliblanco,Colombia_otro
525440,Trogon,viridis,Green-backed Trogon,Colombia,"PNN Chiribiquete, cunaré- Amú",0.2119444,,,no score,2:08,https://xeno-canto.org/525440/download,2001-01-02,Trogonidae,Trogón coliblanco,Colombia_otro
525231,Trogon,viridis,Green-backed Trogon,Colombia,"PNN Chiribiquete, cunaré- Amú",0.2175,,,no score,0:56,https://xeno-canto.org/525231/download,2001-01-02,Trogonidae,Trogón coliblanco,Colombia_otro
525230,Trogon,viridis,Green-backed Trogon,Colombia,"PNN Chiribiquete, cunaré- Amú",0.2175,,,no score,0:14,https://xeno-canto.org/525230/download,2001-01-02,Trogonidae,Trogón coliblanco,Colombia_otro
525229,Trogon,viridis,Green-backed Trogon,Colombia,"PNN Chiribiquete, cunaré- Amú",0.2175,,,no score,1:01,https://xeno-canto.org/525229/download,2001-01-02,Trogonidae,Trogón coliblanco,Colombia_otro
525100,Trogon,viridis,Green-backed Trogon,Colombia,"PNN Chiribiquete, cunaré- Amú",0.2275,,,no score,0:42,https://xeno-canto.org/525100/download,2001-01-02,Trogonidae,Trogón coliblanco,Colombia_otro
525096,Trogon,viridis,Green-backed Trogon,Colombia,"PNN Chiribiquete, cunaré- Amú",0.2175,,,no score,0:58,https://xeno-canto.org/525096/download,2001-01-02,Trogonidae,Trogón coliblanco,Colombia_otro
1043131,Trogon,viridis,Green-backed Trogon,Colombia,"Bocatoma, terra firme forest, Mitú",1.1792,,call,A,0:47,https://xeno-canto.org/1043131/download,2022-10-22,Trogonidae,Trogón coliblanco,Colombia_otro
401403,Trogon,viridis,Green-backed Trogon,Colombia,"Pueblo Nuevo, Mitú",1.1317,,song,A,0:31,https://xeno-canto.org/401403/download,2014-02-21,Trogonidae,Trogón coliblanco,Colombia_otro
333516,Trogon,viridis,Green-backed Trogon,Colombia,"Miraflores, Piamonte, Cauca",1.0428,,song,A,1:42,https://xeno-canto.org/333516/download,2016-08-04,Trogonidae,Trogón coliblanco,Colombia_otro
148245,Trogon,viridis,Green-backed Trogon,Colombia,"Meta, Cabuyaro",4.264167,,song,A,0:28,https://xeno-canto.org/148245/download,1994-10-26,Trogonidae,Trogón coliblanco,Colombia_otro
127868,Trogon,viridis,Green-backed Trogon,Colombia,"Puerto Lopez, Meta",4.1809,,song,A,1:15,https://xeno-canto.org/127868/download,2013-03-06,Trogonidae,Trogón coliblanco,Colombia_otro
54697,Trogon,viridis,Green-backed Trogon,Colombia,"Finca La Pradera, Parroquia Remolinos, Municipio Puerto Lopez, Meta",,,?,A,0:10,https://xeno-canto.org/54697/download,2000-04-17,Trogonidae,Trogón coliblanco,Colombia_otro
960268,Trogon,viridis,Green-backed Trogon,Colombia,"Villanueva, Casanare",4.3631,,"call, song",B,0:34,https://xeno-canto.org/960268/download,2024-09-25,Trogonidae,Trogón coliblanco,Colombia_otro
709446,Trogon,viridis,Green-backed Trogon,Colombia,"Rey Zamuro, San Martín, Meta",3.5276,,song,B,0:31,https://xeno-canto.org/709446/download,2022-03-14,Trogonidae,Trogón coliblanco,Colombia_otro
529290,Trogon,viridis,Green-backed Trogon,Colombia,"PNN Chiribiquete, sararamano",0.1863889,,,B,0:22,https://xeno-canto.org/529290/download,2000-01-04,Trogonidae,Trogón coliblanco,Colombia_otro
529289,Trogon,viridis,Green-backed Trogon,Colombia,"PNN Chiribiquete, sararamano",0.1863889,,,B,2:43,https://xeno-canto.org/529289/download,2000-01-04,Trogonidae,Trogón coliblanco,Colombia_otro
524125,Trogon,viridis,Green-backed Trogon,Colombia,"PNN Chiribiquete, mesay Alto",0.2483333,,,B,1:46,https://xeno-canto.org/524125/download,2000-01-01,Trogonidae,Trogón coliblanco,Colombia_otro
524124,Trogon,viridis,Green-backed Trogon,Colombia,"PNN Chiribiquete, mesay Alto",0.2702778,,,B,0:14,https://xeno-canto.org/524124/download,2000-01-01,Trogonidae,Trogón coliblanco,Colombia_otro
524123,Trogon,viridis,Green-backed Trogon,Colombia,"PNN Chiribiquete, mesay Alto",0.2702778,,,B,2:50,https://xeno-canto.org/524123/download,2000-01-01,Trogonidae,Trogón coliblanco,Colombia_otro
524122,Trogon,viridis,Green-backed Trogon,Colombia,"PNN Chiribiquete, río Mesay Puerto abeja",0.0741667,,,B,1:46,https://xeno-canto.org/524122/download,1999-01-06,Trogonidae,Trogón coliblanco,Colombia_otro
521122,Trogon,viridis,Green-backed Trogon,Colombia,"PNN Chiribiquete, cuñaré",0.4986111,,,B,0:15,https://xeno-canto.org/521122/download,2000-01-11,Trogonidae,Trogón coliblanco,Colombia_otro
521121,Trogon,viridis,Green-backed Trogon,Colombia,"PNN Chiribiquete, cuñaré",0.4986111,,,B,0:13,https://xeno-canto.org/521121/download,2000-01-11,Trogonidae,Trogón coliblanco,Colombia_otro
521120,Trogon,viridis,Green-backed Trogon,Colombia,"PNN Chiribiquete, cuñaré",0.4986111,,,B,0:36,https://xeno-canto.org/521120/download,2000-01-11,Trogonidae,Trogón coliblanco,Colombia_otro
521119,Trogon,viridis,Green-backed Trogon,Colombia,"PNN Chiribiquete, cuñaré",0.5291667,,,B,0:40,https://xeno-canto.org/521119/download,2000-01-11,Trogonidae,Trogón coliblanco,Colombia_otro
521118,Trogon,viridis,Green-backed Trogon,Colombia,"PNN Chiribiquete, cuñaré",0.5344444,,,B,1:40,https://xeno-canto.org/521118/download,2000-01-11,Trogonidae,Trogón coliblanco,Colombia_otro
521117,Trogon,viridis,Green-backed Trogon,Colombia,"PNN Chiribiquete, cuñaré",0.5344444,,,B,0:31,https://xeno-canto.org/521117/download,2000-01-11,Trogonidae,Trogón coliblanco,Colombia_otro
521116,Trogon,viridis,Green-backed Trogon,Colombia,"PNN Chiribiquete, cuñaré",0.5175,,,B,4:30,https://xeno-canto.org/521116/download,2000-01-11,Trogonidae,Trogón coliblanco,Colombia_otro
521115,Trogon,viridis,Green-backed Trogon,Colombia,"PNN Chiribiquete, cuñaré",0.5175,,,B,1:36,https://xeno-canto.org/521115/download,2000-01-11,Trogonidae,Trogón coliblanco,Colombia_otro
521114,Trogon,viridis,Green-backed Trogon,Colombia,"PNN Chiribiquete, cuñaré",0.5175,,,B,0:54,https://xeno-canto.org/521114/download,2000-01-11,Trogonidae,Trogón coliblanco,Colombia_otro
519391,Trogon,viridis,Green-backed Trogon,Colombia,"PNN Chiribiquete, sararamano",0.1797222,,,B,3:24,https://xeno-canto.org/519391/download,2000-01-04,Trogonidae,Trogón coliblanco,Colombia_otro
519390,Trogon,viridis,Green-backed Trogon,Colombia,"PNN Chiribiquete, sararamano",0.1797222,,,B,0:20,https://xeno-canto.org/519390/download,2000-01-04,Trogonidae,Trogón coliblanco,Colombia_otro
519384,Trogon,viridis,Green-backed Trogon,Colombia,"PNN Chiribiquete, sararamano",0.1797222,,,B,0:52,https://xeno-canto.org/519384/download,2000-01-04,Trogonidae,Trogón coliblanco,Colombia_otro
519383,Trogon,viridis,Green-backed Trogon,Colombia,"PNN Chiribiquete, sararamano",0.1797222,,,B,0:52,https://xeno-canto.org/519383/download,2000-01-04,Trogonidae,Trogón coliblanco,Colombia_otro
519382,Trogon,viridis,Green-backed Trogon,Colombia,"PNN Chiribiquete, sararamano",0.1863889,,,B,0:47,https://xeno-canto.org/519382/download,2000-01-04,Trogonidae,Trogón coliblanco,Colombia_otro
519381,Trogon,viridis,Green-backed Trogon,Colombia,"PNN Chiribiquete, sararamano",0.1863889,,,B,0:18,https://xeno-canto.org/519381/download,2000-01-04,Trogonidae,Trogón coliblanco,Colombia_otro
519380,Trogon,viridis,Green-backed Trogon,Colombia,"PNN Chiribiquete, sararamano",0.1863889,,,B,0:36,https://xeno-canto.org/519380/download,2000-01-04,Trogonidae,Trogón coliblanco,Colombia_otro
519379,Trogon,viridis,Green-backed Trogon,Colombia,"PNN Chiribiquete, sararamano",0.1672222,,,B,0:34,https://xeno-canto.org/519379/download,2000-01-04,Trogonidae,Trogón coliblanco,Colombia_otro
519378,Trogon,viridis,Green-backed Trogon,Colombia,"PNN Chiribiquete, sararamano",0.1672222,,,B,0:56,https://xeno-canto.org/519378/download,2000-01-04,Trogonidae,Trogón coliblanco,Colombia_otro
519377,Trogon,viridis,Green-backed Trogon,Colombia,"PNN Chiribiquete, sararamano",0.1672222,,,B,0:40,https://xeno-canto.org/519377/download,2000-01-04,Trogonidae,Trogón coliblanco,Colombia_otro
519376,Trogon,viridis,Green-backed Trogon,Colombia,"PNN Chiribiquete, mesay Alto",0.2605556,,,B,2:27,https://xeno-canto.org/519376/download,2000-01-01,Trogonidae,Trogón coliblanco,Colombia_otro
519375,Trogon,viridis,Green-backed Trogon,Colombia,"PNN Chiribiquete, mesay Alto",0.2605556,,,B,1:08,https://xeno-canto.org/519375/download,2000-01-01,Trogonidae,Trogón coliblanco,Colombia_otro
519374,Trogon,viridis,Green-backed Trogon,Colombia,"PNN Chiribiquete, mesay Alto",0.2605556,,,B,2:03,https://xeno-canto.org/519374/download,2000-01-01,Trogonidae,Trogón coliblanco,Colombia_otro
519373,Trogon,viridis,Green-backed Trogon,Colombia,"PNN Chiribiquete, mesay Alto",0.2422222,,,B,0:23,https://xeno-canto.org/519373/download,2000-01-01,Trogonidae,Trogón coliblanco,Colombia_otro
519372,Trogon,viridis,Green-backed Trogon,Colombia,"PNN Chiribiquete, mesay Alto",0.2422222,,,B,1:36,https://xeno-canto.org/519372/download,2000-01-01,Trogonidae,Trogón coliblanco,Colombia_otro
519371,Trogon,viridis,Green-backed Trogon,Colombia,"PNN Chiribiquete, mesay Alto",0.2422222,,,B,0:16,https://xeno-canto.org/519371/download,2000-01-01,Trogonidae,Trogón coliblanco,Colombia_otro
518185,Trogon,viridis,Green-backed Trogon,Colombia,"PNN Chiribiquete, mesay Alto",0.2483333,,,B,1:36,https://xeno-canto.org/518185/download,2000-01-01,Trogonidae,Trogón coliblanco,Colombia_otro
518184,Trogon,viridis,Green-backed Trogon,Colombia,"PNN Chiribiquete, mesay Alto",0.2483333,,,B,0:43,https://xeno-canto.org/518184/download,2000-01-01,Trogonidae,Trogón coliblanco,Colombia_otro
518183,Trogon,viridis,Green-backed Trogon,Colombia,"PNN Chiribiquete, mesay Alto",0.2483333,,,B,1:17,https://xeno-canto.org/518183/download,2000-01-01,Trogonidae,Trogón coliblanco,Colombia_otro
518182,Trogon,viridis,Green-backed Trogon,Colombia,"PNN Chiribiquete, sararamano",0.1672222,,,B,1:15,https://xeno-canto.org/518182/download,2000-01-04,Trogonidae,Trogón coliblanco,Colombia_otro
343998,Trogon,viridis,Green-backed Trogon,Colombia,"Puerto Lleras, Meta",3.3039,,song,B,0:08,https://xeno-canto.org/343998/download,2016-10-22,Trogonidae,Trogón coliblanco,Colombia_otro
243833,Trogon,viridis,Green-backed Trogon,Colombia,"La Candelaria, vereda El Guira (Tauramena, Casanare)",4.6741,,song,B,0:27,https://xeno-canto.org/243833/download,2015-05-05,Trogonidae,Trogón coliblanco,Colombia_otro
243720,Trogon,viridis,Green-backed Trogon,Colombia,"La Candelaria, vereda El Guira (Tauramena, Casanare)",4.6741,,song,B,1:39,https://xeno-canto.org/243720/download,2015-05-05,Trogonidae,Trogón coliblanco,Colombia_otro
116103,Trogon,viridis,Green-backed Trogon,Colombia,"Cumaribo, Vichada",5.1304,,song,B,1:55,https://xeno-canto.org/116103/download,2008-10-10,Trogonidae,Trogón coliblanco,Colombia_otro
100740,Trogon,viridis,Green-backed Trogon,Colombia,"Puerto Lopez, Rio Humea (meta)",4.1551,,song,B,1:20,https://xeno-canto.org/100740/download,2010-10-12,Trogonidae,Trogón coliblanco,Colombia_otro
100739,Trogon,viridis,Green-backed Trogon,Colombia,"Puerto Lopez, Rio Humea (meta)",4.1551,,song,B,0:19,https://xeno-canto.org/100739/download,2010-10-12,Trogonidae,Trogón coliblanco,Colombia_otro
54698,Trogon,viridis,Green-backed Trogon,Colombia,"Finca La Pradera, Parroquia Remolinos, Municipio Puerto Lopez, Meta",,,?,B,0:09,https://xeno-canto.org/54698/download,2000-04-17,Trogonidae,Trogón coliblanco,Colombia_otro
54696,Trogon,viridis,Green-backed Trogon,Colombia,"Finca La Pradera, Parroquia Remolinos, Municipio Puerto Lopez, Meta",,,?,B,0:21,https://xeno-canto.org/54696/download,2000-04-17,Trogonidae,Trogón coliblanco,Colombia_otro
54699,Trogon,viridis,Green-backed Trogon,Colombia,"Finca La Pradera, Parroquia Remolinos, Municipio Puerto Lopez, Meta",,,?,C,0:06,https://xeno-canto.org/54699/download,2000-04-17,Trogonidae,Trogón coliblanco,Colombia_otro
1033072,Trogon,viridis,Green-backed Trogon,Colombia,"Bosque Bavaria, Villavicencio, Meta",4.1793,,song,D,0:12,https://xeno-canto.org/1033072/download,2022-10-12,Trogonidae,Trogón coliblanco,Colombia_otro
836360,Trogon,viridis,Green-backed Trogon,Colombia,"Vda. La Argentina, Mesetas, Meta.",3.2681,,song,E,0:10,https://xeno-canto.org/836360/download,2023-10-14,Trogonidae,Trogón coliblanco,Colombia_otro
